study_version,threshold_policy,window_days,entries_per_day,positive_group,n_positive,n_negative,threshold,true_positive,false_positive,false_negative,true_negative,precision,recall,f1,false_positive_rate,f1_ci_low,f1_ci_high,recall_ci_low,recall_ci_high,false_positive_rate_ci_low,false_positive_rate_ci_high,auroc,auroc_ci_low,auroc_ci_high,auroc_deviation_only,auroc_rules_only,auroc_temporal_shift_only,mean_temporal_shift_positive,mean_temporal_shift_negative,not_enough_data_rate,baseline_mean_error_in_sd,baseline_mean_error_ci_low,baseline_mean_error_ci_high,baseline_std_relative_error,oracle_f1_in_hindsight,oracle_threshold_in_hindsight
data-sufficiency-1,fpr_controlled,1,1,shift_moderate,120,120,4.5285,89,52,31,68,0.6312056737588653,0.7416666666666667,0.681992337164751,0.43333333333333335,0.615985,0.743803,0.656715,0.811626,0.348102,0.522701,0.6766666666666666,0.614981,0.737695,0.7009375,0.7074652777777778,0.5771875,2.42,2.2020833333333334,0.0,0.7695909625000001,0.741563,0.797276,0.9719149999999996,0.709677,3.4175
data-sufficiency-1,fpr_controlled,1,1,shift_large,120,120,4.5285,101,52,19,68,0.6601307189542484,0.8416666666666667,0.7399267399267399,0.43333333333333335,0.681156,0.795987,0.765907,0.89623,0.348102,0.522701,0.7451388888888889,0.690794,0.797039,0.8131597222222222,0.8937152777777778,0.6240277777777777,2.5324999999999998,2.2020833333333334,0.0,0.7849958541666667,0.759187,0.811429,0.9719149999999996,0.766551,3.7865
data-sufficiency-1,fpr_controlled,1,1,all_shift,240,120,4.5285,190,52,50,68,0.7851239669421488,0.7916666666666666,0.7883817427385892,0.43333333333333335,0.746328,0.827738,0.735892,0.838252,0.348102,0.522701,0.7109027777777778,0.657438,0.762332,0.7570486111111111,0.8005902777777778,0.6006076388888889,2.47625,2.2020833333333334,0.0,0.7806802111111111,0.758739,0.80377,0.9719149999999998,0.825758,3.0585
data-sufficiency-1,fpr_controlled,1,3,shift_moderate,120,120,4.5285,102,64,18,56,0.6144578313253012,0.85,0.7132867132867132,0.5333333333333333,0.648079,0.77171,0.775325,0.902962,0.444428,0.620171,0.6677083333333333,0.611804,0.726374,0.7407638888888889,0.8232291666666667,0.5202083333333334,2.3879166666666665,2.32,0.0,0.8334732083333333,0.80581,0.862037,0.9734079999999996,0.731034,4.0575
data-sufficiency-1,fpr_controlled,1,3,shift_large,120,120,4.5285,117,64,3,56,0.6464088397790055,0.975,0.7774086378737541,0.5333333333333333,0.72026,0.827166,0.92907,0.991462,0.444428,0.620171,0.7339583333333334,0.687296,0.781896,0.9057638888888889,0.9575,0.5663888888888889,2.5262499999999997,2.32,0.0,0.8337378958333334,0.806444,0.86082,0.9734079999999996,0.785479,3.9515
data-sufficiency-1,fpr_controlled,1,3,all_shift,240,120,4.5285,219,64,21,56,0.773851590106007,0.9125,0.8374760994263862,0.5333333333333333,0.803959,0.868893,0.869945,0.942058,0.444428,0.620171,0.7008333333333333,0.652272,0.749225,0.8232638888888889,0.8903645833333333,0.5432986111111111,2.457083333333333,2.32,0.0,0.8315779944444444,0.808656,0.853167,0.9734079999999998,0.850662,3.9515
data-sufficiency-1,fpr_controlled,1,5,shift_moderate,120,120,4.5285,108,73,12,47,0.5966850828729282,0.9,0.717607973421927,0.6083333333333333,0.654676,0.769242,0.833318,0.941866,0.518938,0.691008,0.6807638888888888,0.625699,0.732648,0.8148611111111111,0.8595833333333334,0.5939583333333334,2.4270833333333335,2.1458333333333335,0.0,0.8056850583333334,0.777315,0.835279,0.9698460000000003,0.736156,3.88
data-sufficiency-1,fpr_controlled,1,5,shift_large,120,120,4.5285,120,73,0,47,0.6217616580310881,1.0,0.7667731629392971,0.6083333333333333,0.714286,0.814377,0.968981,1.0,0.518938,0.691008,0.7291666666666666,0.683962,0.776329,0.9820833333333333,0.9537847222222222,0.6865277777777777,2.6479166666666667,2.1458333333333335,0.0,0.8103989333333333,0.779715,0.841371,0.9698460000000003,0.786885,9.9385
data-sufficiency-1,fpr_controlled,1,5,all_shift,240,120,4.5285,228,73,12,47,0.7574750830564784,0.95,0.8428835489833643,0.6083333333333333,0.808349,0.873148,0.914652,0.97117,0.518938,0.691008,0.7049652777777777,0.657124,0.753737,0.8984722222222222,0.9066840277777778,0.6402430555555556,2.5375,2.1458333333333335,0.0,0.8154248083333332,0.791144,0.83849,0.9698460000000002,0.85192,3.88
data-sufficiency-1,fpr_controlled,3,1,shift_moderate,120,120,4.5285,66,41,54,79,0.616822429906542,0.55,0.5814977973568282,0.3416666666666667,0.50717,0.65605,0.460815,0.636083,0.262904,0.430252,0.6419791666666667,0.570533,0.708456,0.6675347222222222,0.7096527777777778,0.5771875,2.42,2.2020833333333334,0.0,0.4669906791666667,0.451709,0.483457,0.5228650083333334,0.684685,1.973
data-sufficiency-1,fpr_controlled,3,1,shift_large,120,120,4.5285,99,41,21,79,0.7071428571428572,0.825,0.7615384615384616,0.3416666666666667,0.699542,0.816487,0.747243,0.882595,0.262904,0.430252,0.7757986111111111,0.720092,0.830043,0.8061458333333333,0.8935069444444445,0.6240277777777777,2.5324999999999998,2.2020833333333334,0.0,0.4842126583333333,0.469372,0.5008,0.5378662375,0.802867,3.6475
data-sufficiency-1,fpr_controlled,3,1,all_shift,240,120,4.5285,165,41,75,79,0.8009708737864077,0.6875,0.7399103139013453,0.3416666666666667,0.690472,0.782422,0.626294,0.742799,0.262904,0.430252,0.7088888888888889,0.653336,0.765795,0.7368402777777778,0.8015798611111111,0.6006076388888889,2.47625,2.2020833333333334,0.0,0.47486420833333337,0.462195,0.488124,0.5289971833333333,0.814815,3.568
data-sufficiency-1,fpr_controlled,3,3,shift_moderate,120,120,4.5285,88,34,32,86,0.7213114754098361,0.7333333333333333,0.7272727272727273,0.2833333333333333,0.661017,0.786288,0.647876,0.804315,0.210406,0.369702,0.7684027777777778,0.706003,0.826343,0.7705208333333333,0.8427083333333333,0.5202083333333334,2.3879166666666665,2.32,0.0,0.4581398666666667,0.441361,0.47579,0.41955193749999997,0.753036,4.389
data-sufficiency-1,fpr_controlled,3,3,shift_large,120,120,4.5285,119,34,1,86,0.7777777777777778,0.9916666666666667,0.8717948717948719,0.2833333333333333,0.828346,0.911663,0.954304,0.998527,0.210406,0.369702,0.886875,0.840623,0.927834,0.9039930555555555,0.9790277777777778,0.5663888888888889,2.5262499999999997,2.32,0.0,0.47861842499999996,0.45984,0.497845,0.4307494833333333,0.888889,5.297
data-sufficiency-1,fpr_controlled,3,3,all_shift,240,120,4.5285,207,34,33,86,0.8589211618257261,0.8625,0.8607068607068608,0.2833333333333333,0.825112,0.891521,0.81319,0.900389,0.210406,0.369702,0.8276388888888889,0.781854,0.87364,0.8372569444444444,0.9108680555555555,0.5432986111111111,2.457083333333333,2.32,0.0,0.4672372472222223,0.452857,0.4821,0.42669868055555554,0.872428,4.389
data-sufficiency-1,fpr_controlled,3,5,shift_moderate,120,120,4.5285,99,29,21,91,0.7734375,0.825,0.7983870967741935,0.24166666666666667,0.741063,0.850216,0.747243,0.882595,0.173858,0.325501,0.8425,0.786282,0.894144,0.8289930555555556,0.8847222222222222,0.5939583333333334,2.4270833333333335,2.1458333333333335,0.0,0.4615967791666667,0.445743,0.477536,0.4179215041666667,0.830189,3.961
data-sufficiency-1,fpr_controlled,3,5,shift_large,120,120,4.5285,120,29,0,91,0.8053691275167785,1.0,0.8921933085501859,0.24166666666666667,0.848978,0.929368,0.968981,1.0,0.173858,0.325501,0.9167361111111111,0.875794,0.953149,0.9038541666666666,0.9693402777777778,0.6865277777777777,2.6479166666666667,2.1458333333333335,0.0,0.4613502541666667,0.4444,0.478201,0.4108836083333333,0.933333,6.419
data-sufficiency-1,fpr_controlled,3,5,all_shift,240,120,4.5285,219,29,21,91,0.8830645161290323,0.9125,0.8975409836065574,0.24166666666666667,0.86864,0.924304,0.869945,0.942058,0.173858,0.325501,0.8796180555555555,0.831494,0.922784,0.8664236111111111,0.92703125,0.6402430555555556,2.5375,2.1458333333333335,0.0,0.459285525,0.445866,0.472876,0.4131709111111111,0.910891,3.961
data-sufficiency-1,fpr_controlled,5,1,shift_moderate,120,120,4.5285,58,30,62,90,0.6590909090909091,0.48333333333333334,0.5576923076923077,0.25,0.474219,0.634379,0.395836,0.571864,0.181098,0.334411,0.6738541666666666,0.604974,0.741739,0.6895486111111111,0.7154513888888889,0.5771875,2.42,2.2020833333333334,0.0,0.36223419583333333,0.350295,0.374096,0.4074711875,0.719723,2.5605
data-sufficiency-1,fpr_controlled,5,1,shift_large,120,120,4.5285,97,30,23,90,0.7637795275590551,0.8083333333333333,0.785425101214575,0.25,0.723391,0.838716,0.728788,0.86875,0.181098,0.334411,0.8020486111111111,0.742447,0.856267,0.8321875,0.9082291666666666,0.6240277777777777,2.5324999999999998,2.2020833333333334,0.0,0.37073830416666664,0.358722,0.383037,0.4103666125,0.827068,3.7085
data-sufficiency-1,fpr_controlled,5,1,all_shift,240,120,4.5285,155,30,85,90,0.8378378378378378,0.6458333333333334,0.7294117647058824,0.25,0.678047,0.775865,0.583463,0.703608,0.181098,0.334411,0.7379513888888889,0.680709,0.792377,0.7608680555555556,0.8118402777777778,0.6006076388888889,2.47625,2.2020833333333334,0.0,0.3648565138888889,0.355177,0.374433,0.40513079444444444,0.833652,2.5605
data-sufficiency-1,fpr_controlled,5,3,shift_moderate,120,120,4.5285,80,21,40,99,0.7920792079207921,0.6666666666666666,0.7239819004524886,0.175,0.653846,0.787624,0.578311,0.744683,0.117405,0.252757,0.8130902777777778,0.753717,0.865694,0.8365625,0.8328125,0.5202083333333334,2.3879166666666665,2.32,0.0,0.3433336875,0.329589,0.35687,0.30713661249999996,0.771784,3.8575
data-sufficiency-1,fpr_controlled,5,3,shift_large,120,120,4.5285,119,21,1,99,0.85,0.9916666666666667,0.9153846153846154,0.175,0.881478,0.947368,0.954304,0.998527,0.117405,0.252757,0.9455555555555556,0.90839,0.979235,0.9520833333333333,0.9739583333333334,0.5663888888888889,2.5262499999999997,2.32,0.0,0.35600387499999997,0.343131,0.369078,0.30958037916666664,0.942149,5.842
data-sufficiency-1,fpr_controlled,5,3,all_shift,240,120,4.5285,199,21,41,99,0.9045454545454545,0.8291666666666667,0.8652173913043478,0.175,0.829381,0.896556,0.776458,0.871504,0.117405,0.252757,0.8793229166666666,0.835399,0.917831,0.8943229166666666,0.9033854166666667,0.5432986111111111,2.457083333333333,2.32,0.0,0.350713925,0.339955,0.36175,0.3103383083333333,0.885655,3.8575
data-sufficiency-1,fpr_controlled,5,5,shift_moderate,120,120,4.5285,102,16,18,104,0.864406779661017,0.85,0.8571428571428572,0.13333333333333333,0.807018,0.9,0.775325,0.902962,0.083766,0.205648,0.9176041666666667,0.879828,0.949551,0.9257291666666667,0.8826736111111111,0.5939583333333334,2.4270833333333335,2.1458333333333335,0.0,0.35534699166666667,0.3435,0.366778,0.29837700833333336,0.863071,4.3985
data-sufficiency-1,fpr_controlled,5,5,shift_large,120,120,4.5285,120,16,0,104,0.8823529411764706,1.0,0.9375,0.13333333333333333,0.903759,0.966039,0.968981,1.0,0.083766,0.205648,0.9811805555555555,0.95721,0.999931,0.9776041666666667,0.9651388888888889,0.6865277777777777,2.6479166666666667,2.1458333333333335,0.0,0.3514029833333333,0.339428,0.364168,0.2985619125,0.983607,6.0505
data-sufficiency-1,fpr_controlled,5,5,all_shift,240,120,4.5285,222,16,18,104,0.9327731092436975,0.925,0.9288702928870293,0.13333333333333333,0.90393,0.951648,0.884574,0.952035,0.083766,0.205648,0.9493923611111111,0.918952,0.973668,0.9516666666666667,0.92390625,0.6402430555555556,2.5375,2.1458333333333335,0.0,0.35261620833333335,0.342897,0.362875,0.29756401388888887,0.931393,4.3985
data-sufficiency-1,fpr_controlled,7,1,shift_moderate,120,120,4.5285,51,23,69,97,0.6891891891891891,0.425,0.5257731958762887,0.19166666666666668,0.435258,0.607151,0.34023,0.514422,0.13125,0.271212,0.7084027777777778,0.63976,0.768104,0.7320138888888889,0.7291319444444444,0.5771875,2.42,2.2020833333333334,0.0,0.31618718749999997,0.305774,0.326704,0.3447537875,0.724739,2.57
data-sufficiency-1,fpr_controlled,7,1,shift_large,120,120,4.5285,101,23,19,97,0.8145161290322581,0.8416666666666667,0.8278688524590163,0.19166666666666668,0.774468,0.876497,0.765907,0.89623,0.13125,0.271212,0.8447569444444445,0.79047,0.898839,0.8692708333333333,0.9197569444444444,0.6240277777777777,2.5324999999999998,2.2020833333333334,0.0,0.31298192083333326,0.30137,0.323777,0.34715290833333334,0.849421,3.68
data-sufficiency-1,fpr_controlled,7,1,all_shift,240,120,4.5285,152,23,88,97,0.8685714285714285,0.6333333333333333,0.7325301204819277,0.19166666666666668,0.680512,0.780148,0.570712,0.691754,0.13125,0.271212,0.7765798611111111,0.721994,0.827349,0.8006423611111111,0.8244444444444444,0.6006076388888889,2.47625,2.2020833333333334,0.0,0.31203759444444445,0.303563,0.320634,0.3431708666666667,0.83908,2.57
data-sufficiency-1,fpr_controlled,7,3,shift_moderate,120,120,4.5285,82,16,38,104,0.8367346938775511,0.6833333333333333,0.7522935779816514,0.13333333333333333,0.685714,0.81106,0.595521,0.759772,0.083766,0.205648,0.8301041666666666,0.777981,0.878547,0.855625,0.8389930555555556,0.5202083333333334,2.3879166666666665,2.32,0.0,0.30233000416666667,0.292164,0.312567,0.2602747458333334,0.769912,4.1575
data-sufficiency-1,fpr_controlled,7,3,shift_large,120,120,4.5285,119,16,1,104,0.8814814814814815,0.9916666666666667,0.9333333333333335,0.13333333333333333,0.899214,0.962687,0.954304,0.998527,0.083766,0.205648,0.9734027777777777,0.948295,0.994305,0.9738888888888889,0.9737152777777778,0.5663888888888889,2.5262499999999997,2.32,0.0,0.3093211208333333,0.297696,0.320564,0.25662596666666665,0.95935,5.0925
data-sufficiency-1,fpr_controlled,7,3,all_shift,240,120,4.5285,201,16,39,104,0.9262672811059908,0.8375,0.8796498905908097,0.13333333333333333,0.847217,0.909091,0.785575,0.878791,0.083766,0.205648,0.9017534722222222,0.865917,0.935193,0.9147569444444444,0.9063541666666667,0.5432986111111111,2.457083333333333,2.32,0.0,0.3053755361111111,0.295897,0.314484,0.2596571305555555,0.888412,4.1575
data-sufficiency-1,fpr_controlled,7,5,shift_moderate,120,120,4.5285,99,9,21,111,0.9166666666666666,0.825,0.8684210526315789,0.075,0.817766,0.914286,0.747243,0.882595,0.039957,0.136409,0.9271527777777778,0.89079,0.960047,0.9382291666666667,0.8948611111111111,0.5939583333333334,2.4270833333333335,2.1458333333333335,0.0,0.3034746125,0.293893,0.313631,0.24519289166666666,0.878661,4.27
data-sufficiency-1,fpr_controlled,7,5,shift_large,120,120,4.5285,120,9,0,111,0.9302325581395349,1.0,0.963855421686747,0.075,0.937493,0.984733,0.968981,1.0,0.039957,0.136409,0.9859722222222222,0.964288,1.0,0.9838888888888889,0.9803819444444445,0.6865277777777777,2.6479166666666667,2.1458333333333335,0.0,0.29411850416666663,0.284,0.30472,0.24206090416666667,0.983607,5.5325
data-sufficiency-1,fpr_controlled,7,5,all_shift,240,120,4.5285,219,9,21,111,0.9605263157894737,0.9125,0.935897435897436,0.075,0.910674,0.958335,0.869945,0.942058,0.039957,0.136409,0.9565625,0.930204,0.979657,0.9610590277777777,0.9376215277777777,0.6402430555555556,2.5375,2.1458333333333335,0.0,0.29922798333333334,0.290835,0.307955,0.24400837500000003,0.939457,4.27
data-sufficiency-1,fpr_controlled,10,1,shift_moderate,120,120,4.5285,47,13,73,107,0.7833333333333333,0.39166666666666666,0.5222222222222223,0.10833333333333334,0.428571,0.608732,0.308992,0.481062,0.064411,0.176554,0.7313541666666666,0.667266,0.794298,0.7646875,0.7210069444444445,0.5771875,2.42,2.2020833333333334,0.0,0.25949778333333334,0.249671,0.269803,0.2742449333333334,0.72028,2.5585
data-sufficiency-1,fpr_controlled,10,1,shift_large,120,120,4.5285,99,13,21,107,0.8839285714285714,0.825,0.8534482758620688,0.10833333333333334,0.8,0.897787,0.747243,0.882595,0.064411,0.176554,0.8905555555555555,0.844407,0.931683,0.9072916666666667,0.9189236111111111,0.6240277777777777,2.5324999999999998,2.2020833333333334,0.0,0.2604035375,0.251113,0.26973,0.27808939583333336,0.861789,3.9025
data-sufficiency-1,fpr_controlled,10,1,all_shift,240,120,4.5285,146,13,94,107,0.9182389937106918,0.6083333333333333,0.7318295739348372,0.10833333333333334,0.683408,0.78118,0.545336,0.667917,0.064411,0.176554,0.8109548611111111,0.760476,0.858295,0.8359895833333333,0.8199652777777777,0.6006076388888889,2.47625,2.2020833333333334,0.0,0.2598489388888889,0.252396,0.267338,0.27524668611111114,0.836852,2.5585
data-sufficiency-1,fpr_controlled,10,3,shift_moderate,120,120,4.5285,84,10,36,110,0.8936170212765957,0.7,0.7850467289719626,0.08333333333333333,0.717703,0.841202,0.612849,0.774744,0.045894,0.146622,0.8511458333333334,0.800615,0.89731,0.8800694444444445,0.838125,0.5202083333333334,2.3879166666666665,2.32,0.0,0.25527225000000003,0.246754,0.264016,0.21060835833333333,0.785388,4.3755
data-sufficiency-1,fpr_controlled,10,3,shift_large,120,120,4.5285,118,10,2,110,0.921875,0.9833333333333333,0.9516129032258064,0.08333333333333333,0.922413,0.976923,0.941264,0.995417,0.045894,0.146622,0.99625,0.991939,0.999231,0.995,0.9815625,0.5663888888888889,2.5262499999999997,2.32,0.0,0.2564418375,0.247181,0.266066,0.2037564,0.970954,5.2195
data-sufficiency-1,fpr_controlled,10,3,all_shift,240,120,4.5285,202,10,38,110,0.9528301886792453,0.8416666666666667,0.8938053097345132,0.08333333333333333,0.864438,0.923432,0.790149,0.882419,0.045894,0.146622,0.9236979166666667,0.896502,0.947713,0.9375347222222222,0.90984375,0.5432986111111111,2.457083333333333,2.32,0.0,0.25540593333333333,0.247866,0.262992,0.20915567222222223,0.897603,4.3605
data-sufficiency-1,fpr_controlled,10,5,shift_moderate,120,120,4.5285,96,7,24,113,0.9320388349514563,0.8,0.8609865470852018,0.058333333333333334,0.809518,0.90678,0.719633,0.861755,0.028541,0.115526,0.9420833333333334,0.910687,0.968678,0.9605208333333334,0.9063541666666667,0.5939583333333334,2.4270833333333335,2.1458333333333335,0.0,0.253308325,0.244761,0.261889,0.20274384583333332,0.878049,3.8515
data-sufficiency-1,fpr_controlled,10,5,shift_large,120,120,4.5285,120,7,0,113,0.9448818897637795,1.0,0.97165991902834,0.058333333333333334,0.947826,0.991736,0.968981,1.0,0.028541,0.115526,0.9997222222222222,0.998883,1.0,0.9999305555555555,0.9855902777777777,0.6865277777777777,2.6479166666666667,2.1458333333333335,0.0,0.24685941666666666,0.237611,0.255995,0.1973498333333333,0.995851,5.6725
data-sufficiency-1,fpr_controlled,10,5,all_shift,240,120,4.5285,216,7,24,113,0.968609865470852,0.9,0.9330453563714903,0.058333333333333334,0.907895,0.955414,0.85552,0.931876,0.028541,0.115526,0.9709027777777778,0.954914,0.984528,0.9802256944444444,0.9459722222222222,0.6402430555555556,2.5375,2.1458333333333335,0.0,0.25123646666666666,0.244266,0.258397,0.20126348333333333,0.939203,4.0835
data-sufficiency-1,fpr_controlled,14,1,shift_moderate,120,120,4.5285,45,11,75,109,0.8035714285714286,0.375,0.5113636363636364,0.09166666666666666,0.413783,0.602041,0.293524,0.46423,0.051957,0.156708,0.7364583333333333,0.671218,0.798016,0.7670486111111111,0.6996875,0.5771875,2.42,2.2020833333333334,0.0,0.21937464583333335,0.211398,0.227752,0.22672015416666666,0.714801,2.647
data-sufficiency-1,fpr_controlled,14,1,shift_large,120,120,4.5285,94,11,26,109,0.8952380952380953,0.7833333333333333,0.8355555555555555,0.09166666666666666,0.779808,0.881076,0.701456,0.847633,0.051957,0.156708,0.9105555555555556,0.86686,0.947067,0.9217361111111111,0.9146527777777778,0.6240277777777777,2.5324999999999998,2.2020833333333334,0.0,0.22062359583333332,0.212637,0.228531,0.2272880333333333,0.874494,3.69
data-sufficiency-1,fpr_controlled,14,1,all_shift,240,120,4.5285,139,11,101,109,0.9266666666666666,0.5791666666666667,0.7128205128205128,0.09166666666666666,0.659459,0.760647,0.515941,0.639898,0.051957,0.156708,0.8235069444444445,0.777219,0.865594,0.8443923611111112,0.8071701388888889,0.6006076388888889,2.47625,2.2020833333333334,0.0,0.2188453833333333,0.212748,0.225393,0.22687772500000003,0.831721,2.5675
data-sufficiency-1,fpr_controlled,14,3,shift_moderate,120,120,4.5285,80,10,40,110,0.8888888888888888,0.6666666666666666,0.761904761904762,0.08333333333333333,0.692727,0.821437,0.578311,0.744683,0.045894,0.146622,0.8507986111111111,0.799392,0.896087,0.8800694444444445,0.8411111111111111,0.5202083333333334,2.3879166666666665,2.32,0.0,0.21186360833333331,0.204108,0.219797,0.17662877916666667,0.782222,4.0465
data-sufficiency-1,fpr_controlled,14,3,shift_large,120,120,4.5285,117,10,3,110,0.9212598425196851,0.975,0.9473684210526315,0.08333333333333333,0.917749,0.97417,0.92907,0.991462,0.045894,0.146622,0.9941666666666666,0.987113,0.99875,0.9926388888888888,0.9805208333333333,0.5663888888888889,2.5262499999999997,2.32,0.0,0.21344081666666667,0.204822,0.22168,0.17434589166666664,0.966387,5.139
data-sufficiency-1,fpr_controlled,14,3,all_shift,240,120,4.5285,197,10,43,110,0.9516908212560387,0.8208333333333333,0.8814317673378076,0.08333333333333333,0.846325,0.911447,0.76738,0.864177,0.045894,0.146622,0.9224826388888889,0.89535,0.947994,0.9363541666666667,0.9108159722222222,0.5432986111111111,2.457083333333333,2.32,0.0,0.2140232111111111,0.207757,0.220454,0.17761032222222223,0.892241,4.0465
data-sufficiency-1,fpr_controlled,14,5,shift_moderate,120,120,4.5285,99,8,21,112,0.9252336448598131,0.825,0.8722466960352423,0.06666666666666667,0.818956,0.915984,0.747243,0.882595,0.034165,0.126051,0.9418402777777778,0.910671,0.968302,0.9554166666666667,0.9113194444444445,0.5939583333333334,2.4270833333333335,2.1458333333333335,0.0,0.21302753333333335,0.205693,0.22082,0.16689423333333334,0.885246,3.916
data-sufficiency-1,fpr_controlled,14,5,shift_large,120,120,4.5285,120,8,0,112,0.9375,1.0,0.967741935483871,0.06666666666666667,0.94308,0.987954,0.968981,1.0,0.034165,0.126051,0.9996527777777777,0.998611,1.0,0.9996527777777777,0.9851736111111111,0.6865277777777777,2.6479166666666667,2.1458333333333335,0.0,0.20710950416666668,0.199381,0.215492,0.16402809999999998,0.991736,5.3795
data-sufficiency-1,fpr_controlled,14,5,all_shift,240,120,4.5285,219,8,21,112,0.9647577092511013,0.9125,0.9379014989293362,0.06666666666666667,0.914286,0.958965,0.869945,0.942058,0.034165,0.126051,0.9707465277777778,0.954383,0.984874,0.9775347222222223,0.9482465277777777,0.6402430555555556,2.5375,2.1458333333333335,0.0,0.2104791666666667,0.204218,0.216689,0.16627454166666666,0.942149,3.916
data-sufficiency-1,fpr_controlled,21,1,shift_moderate,120,120,4.5285,41,11,79,109,0.7884615384615384,0.3416666666666667,0.4767441860465116,0.09166666666666666,0.380922,0.566667,0.262904,0.430252,0.051957,0.156708,0.7354513888888888,0.67447,0.797237,0.7696527777777777,0.7028819444444444,0.5771875,2.42,2.2020833333333334,0.0,0.17431906666666663,0.167538,0.181125,0.17820642916666665,0.721429,2.5675
data-sufficiency-1,fpr_controlled,21,1,shift_large,120,120,4.5285,92,11,28,109,0.8932038834951457,0.7666666666666667,0.8251121076233184,0.09166666666666666,0.767753,0.876106,0.683446,0.833344,0.051957,0.156708,0.9201041666666666,0.882342,0.953058,0.9271180555555556,0.9238194444444444,0.6240277777777777,2.5324999999999998,2.2020833333333334,0.0,0.17620455,0.169737,0.182578,0.17940602083333335,0.881633,3.6745
data-sufficiency-1,fpr_controlled,21,1,all_shift,240,120,4.5285,133,11,107,109,0.9236111111111112,0.5541666666666667,0.6927083333333334,0.09166666666666666,0.637832,0.746869,0.49092,0.615707,0.051957,0.156708,0.8277777777777777,0.782962,0.867443,0.8483854166666667,0.8133506944444444,0.6006076388888889,2.47625,2.2020833333333334,0.0,0.17339213055555555,0.168111,0.178658,0.17765768333333334,0.838835,2.5565
data-sufficiency-1,fpr_controlled,21,3,shift_moderate,120,120,4.5285,78,7,42,113,0.9176470588235294,0.65,0.7609756097560976,0.058333333333333334,0.687831,0.818182,0.561213,0.729481,0.028541,0.115526,0.8508680555555556,0.799142,0.897648,0.8820486111111111,0.8500347222222222,0.5202083333333334,2.3879166666666665,2.32,0.0,0.17293024999999998,0.166641,0.178967,0.14498152083333332,0.778281,4.1685
data-sufficiency-1,fpr_controlled,21,3,shift_large,120,120,4.5285,115,7,5,113,0.9426229508196722,0.9583333333333334,0.950413223140496,0.058333333333333334,0.918699,0.976378,0.906159,0.982073,0.028541,0.115526,0.9926388888888888,0.984146,0.998601,0.9900347222222222,0.9799652777777778,0.5663888888888889,2.5262499999999997,2.32,0.0,0.175243425,0.168756,0.181425,0.14333296666666667,0.966387,5.118
data-sufficiency-1,fpr_controlled,21,3,all_shift,240,120,4.5285,193,7,47,113,0.965,0.8041666666666667,0.8772727272727274,0.058333333333333334,0.84309,0.907914,0.749336,0.849414,0.028541,0.115526,0.9217534722222223,0.893838,0.946124,0.9360416666666667,0.915,0.5432986111111111,2.457083333333333,2.32,0.0,0.17508620555555557,0.169734,0.180208,0.14547329444444443,0.891304,4.1685
data-sufficiency-1,fpr_controlled,21,5,shift_moderate,120,120,4.5285,97,7,23,113,0.9326923076923077,0.8083333333333333,0.8660714285714286,0.058333333333333334,0.814805,0.909912,0.728788,0.86875,0.028541,0.115526,0.9434722222222223,0.910864,0.969376,0.9553125,0.9141666666666667,0.5939583333333334,2.4270833333333335,2.1458333333333335,0.0,0.17374593333333335,0.167273,0.18007,0.13704422083333334,0.892562,3.868
data-sufficiency-1,fpr_controlled,21,5,shift_large,120,120,4.5285,120,7,0,113,0.9448818897637795,1.0,0.97165991902834,0.058333333333333334,0.949414,0.990997,0.968981,1.0,0.028541,0.115526,0.9997222222222222,0.998888,1.0,0.9996527777777777,0.9857638888888889,0.6865277777777777,2.6479166666666667,2.1458333333333335,0.0,0.17293640833333335,0.167158,0.179427,0.13415172916666668,0.991736,5.1015
data-sufficiency-1,fpr_controlled,21,5,all_shift,240,120,4.5285,217,7,23,113,0.96875,0.9041666666666667,0.9353448275862069,0.058333333333333334,0.911447,0.956526,0.860308,0.935291,0.028541,0.115526,0.9715972222222222,0.955966,0.98424,0.9774826388888889,0.9499652777777777,0.6402430555555556,2.5375,2.1458333333333335,0.0,0.17345529444444446,0.168358,0.178772,0.13628373333333332,0.946058,3.868
data-sufficiency-1,fpr_controlled,30,1,shift_moderate,120,120,4.5285,45,11,75,109,0.8035714285714286,0.375,0.5113636363636364,0.09166666666666666,0.418044,0.596689,0.293524,0.46423,0.051957,0.156708,0.7433680555555555,0.680974,0.803546,0.7621875,0.7117013888888889,0.5771875,2.42,2.2020833333333334,0.0,0.14737644999999996,0.142073,0.152365,0.14722789999999997,0.724638,2.575
data-sufficiency-1,fpr_controlled,30,1,shift_large,120,120,4.5285,93,11,27,109,0.8942307692307693,0.775,0.8303571428571429,0.09166666666666666,0.772935,0.876604,0.692431,0.840508,0.051957,0.156708,0.9295138888888889,0.894138,0.959281,0.9334375,0.9264930555555555,0.6240277777777777,2.5324999999999998,2.2020833333333334,0.0,0.15066979583333334,0.145359,0.155671,0.14704092916666667,0.881633,3.6865
data-sufficiency-1,fpr_controlled,30,1,all_shift,240,120,4.5285,138,11,102,109,0.9261744966442953,0.575,0.7095115681233932,0.09166666666666666,0.657888,0.758625,0.51176,0.635877,0.051957,0.156708,0.8364409722222222,0.794152,0.876515,0.8478125,0.8190972222222223,0.6006076388888889,2.47625,2.2020833333333334,0.0,0.14860121944444443,0.144451,0.15274,0.14726494722222222,0.841487,2.575
data-sufficiency-1,fpr_controlled,30,3,shift_moderate,120,120,4.5285,78,8,42,112,0.9069767441860465,0.65,0.7572815533980582,0.06666666666666667,0.686267,0.815789,0.561213,0.729481,0.034165,0.126051,0.8486111111111111,0.796071,0.897145,0.8893055555555556,0.8378125,0.5202083333333334,2.3879166666666665,2.32,0.0,0.14633500833333332,0.141041,0.151876,0.12470312916666668,0.792952,3.9835
data-sufficiency-1,fpr_controlled,30,3,shift_large,120,120,4.5285,117,8,3,112,0.936,0.975,0.9551020408163265,0.06666666666666667,0.924368,0.980245,0.92907,0.991462,0.034165,0.126051,0.9915972222222222,0.982844,0.998188,0.9929166666666667,0.974375,0.5663888888888889,2.5262499999999997,2.32,0.0,0.14575935833333334,0.14053,0.150949,0.12140285833333332,0.962963,4.5695
data-sufficiency-1,fpr_controlled,30,3,all_shift,240,120,4.5285,195,8,45,112,0.9605911330049262,0.8125,0.8803611738148984,0.06666666666666667,0.846714,0.909091,0.75834,0.856814,0.034165,0.126051,0.9201041666666666,0.890945,0.946078,0.9411111111111111,0.90609375,0.5432986111111111,2.457083333333333,2.32,0.0,0.14717858333333333,0.142883,0.151602,0.12432703888888888,0.896996,3.9835
data-sufficiency-1,fpr_controlled,30,5,shift_moderate,120,120,4.5285,95,5,25,115,0.95,0.7916666666666666,0.8636363636363635,0.041666666666666664,0.811587,0.910716,0.710523,0.854716,0.017927,0.093841,0.9451736111111111,0.914659,0.97181,0.9620833333333333,0.9076041666666667,0.5939583333333334,2.4270833333333335,2.1458333333333335,0.0,0.1467780125,0.141486,0.15217,0.113667425,0.890756,3.9185
data-sufficiency-1,fpr_controlled,30,5,shift_large,120,120,4.5285,120,5,0,115,0.96,1.0,0.9795918367346939,0.041666666666666664,0.958898,0.995886,0.968981,1.0,0.017927,0.093841,0.9999305555555555,0.999583,1.0,0.9996527777777777,0.9858333333333333,0.6865277777777777,2.6479166666666667,2.1458333333333335,0.0,0.14638501666666665,0.141288,0.151786,0.11301832916666665,0.995851,5.1545
data-sufficiency-1,fpr_controlled,30,5,all_shift,240,120,4.5285,215,5,25,115,0.9772727272727273,0.8958333333333334,0.9347826086956522,0.041666666666666664,0.910667,0.956522,0.850752,0.928443,0.017927,0.093841,0.9725520833333333,0.957299,0.98547,0.9808680555555556,0.94671875,0.6402430555555556,2.5375,2.1458333333333335,0.0,0.14672980277777778,0.142225,0.151136,0.11401610833333334,0.945607,3.9185
data-sufficiency-1,max_f1,1,1,shift_moderate,120,120,3.8805,91,55,29,65,0.6232876712328768,0.7583333333333333,0.6842105263157895,0.4583333333333333,0.618821,0.749091,0.674499,0.826142,0.371861,0.54739,0.6766666666666666,0.614505,0.7398,0.7009375,0.7074652777777778,0.5771875,2.42,2.2020833333333334,0.0,0.7695909625000001,0.742297,0.79715,0.9719149999999996,0.709677,3.4175
data-sufficiency-1,max_f1,1,1,shift_large,120,120,3.8805,108,55,12,65,0.6625766871165644,0.9,0.7632508833922261,0.4583333333333333,0.705455,0.812742,0.833318,0.941866,0.371861,0.54739,0.7451388888888889,0.691379,0.798647,0.8131597222222222,0.8937152777777778,0.6240277777777777,2.5324999999999998,2.2020833333333334,0.0,0.7849958541666667,0.759693,0.811722,0.9719149999999996,0.766551,3.7865
data-sufficiency-1,max_f1,1,1,all_shift,240,120,3.8805,199,55,41,65,0.7834645669291339,0.8291666666666667,0.8056680161943321,0.4583333333333333,0.767236,0.84211,0.776458,0.871504,0.371861,0.54739,0.7109027777777778,0.655751,0.763917,0.7570486111111111,0.8005902777777778,0.6006076388888889,2.47625,2.2020833333333334,0.0,0.7806802111111111,0.758901,0.80396,0.9719149999999998,0.825758,3.0585
data-sufficiency-1,max_f1,1,3,shift_moderate,120,120,3.8805,106,65,14,55,0.6198830409356725,0.8833333333333333,0.7285223367697595,0.5416666666666666,0.66445,0.782609,0.813666,0.929219,0.45261,0.628139,0.6677083333333333,0.609438,0.722145,0.7407638888888889,0.8232291666666667,0.5202083333333334,2.3879166666666665,2.32,0.0,0.8334732083333333,0.806959,0.861118,0.9734079999999996,0.731034,4.0575
data-sufficiency-1,max_f1,1,3,shift_large,120,120,3.8805,119,65,1,55,0.6467391304347826,0.9916666666666667,0.7828947368421052,0.5416666666666666,0.729097,0.829742,0.954304,0.998527,0.45261,0.628139,0.7339583333333334,0.685065,0.780275,0.9057638888888889,0.9575,0.5663888888888889,2.5262499999999997,2.32,0.0,0.8337378958333334,0.806826,0.860895,0.9734079999999996,0.785479,3.9515
data-sufficiency-1,max_f1,1,3,all_shift,240,120,3.8805,225,65,15,55,0.7758620689655172,0.9375,0.8490566037735848,0.5416666666666666,0.81323,0.880143,0.899453,0.961762,0.45261,0.628139,0.7008333333333333,0.647322,0.750732,0.8232638888888889,0.8903645833333333,0.5432986111111111,2.457083333333333,2.32,0.0,0.8315779944444444,0.810159,0.85383,0.9734079999999998,0.850662,3.9515
data-sufficiency-1,max_f1,1,5,shift_moderate,120,120,3.8805,113,74,7,46,0.6042780748663101,0.9416666666666667,0.7361563517915309,0.6166666666666667,0.678198,0.789157,0.884474,0.971459,0.527341,0.698755,0.6807638888888888,0.627634,0.734365,0.8148611111111111,0.8595833333333334,0.5939583333333334,2.4270833333333335,2.1458333333333335,0.0,0.8056850583333334,0.777508,0.83545,0.9698460000000003,0.736156,3.88
data-sufficiency-1,max_f1,1,5,shift_large,120,120,3.8805,120,74,0,46,0.6185567010309279,1.0,0.7643312101910829,0.6166666666666667,0.709259,0.813762,0.968981,1.0,0.527341,0.698755,0.7291666666666666,0.685841,0.773504,0.9820833333333333,0.9537847222222222,0.6865277777777777,2.6479166666666667,2.1458333333333335,0.0,0.8103989333333333,0.782462,0.839961,0.9698460000000003,0.786885,9.9385
data-sufficiency-1,max_f1,1,5,all_shift,240,120,3.8805,233,74,7,46,0.758957654723127,0.9708333333333333,0.8519195612431444,0.6166666666666667,0.820606,0.882143,0.94103,0.985801,0.527341,0.698755,0.7049652777777777,0.658104,0.752384,0.8984722222222222,0.9066840277777778,0.6402430555555556,2.5375,2.1458333333333335,0.0,0.8154248083333332,0.791412,0.840304,0.9698460000000002,0.85192,3.88
data-sufficiency-1,max_f1,3,1,shift_moderate,120,120,3.8805,78,46,42,74,0.6290322580645161,0.65,0.639344262295082,0.38333333333333336,0.566363,0.706768,0.561213,0.729481,0.301245,0.472659,0.6419791666666667,0.573341,0.712344,0.6675347222222222,0.7096527777777778,0.5771875,2.42,2.2020833333333334,0.0,0.4669906791666667,0.451423,0.483045,0.5228650083333334,0.684685,1.973
data-sufficiency-1,max_f1,3,1,shift_large,120,120,3.8805,107,46,13,74,0.6993464052287581,0.8916666666666667,0.7838827838827839,0.38333333333333336,0.727273,0.833348,0.823446,0.935589,0.301245,0.472659,0.7757986111111111,0.71904,0.834347,0.8061458333333333,0.8935069444444445,0.6240277777777777,2.5324999999999998,2.2020833333333334,0.0,0.4842126583333333,0.469066,0.499869,0.5378662375,0.802867,3.6475
data-sufficiency-1,max_f1,3,1,all_shift,240,120,3.8805,185,46,55,74,0.8008658008658008,0.7708333333333334,0.7855626326963906,0.38333333333333336,0.742222,0.825735,0.713641,0.819492,0.301245,0.472659,0.7088888888888889,0.649674,0.763878,0.7368402777777778,0.8015798611111111,0.6006076388888889,2.47625,2.2020833333333334,0.0,0.47486420833333337,0.46173,0.488184,0.5289971833333333,0.814815,3.568
data-sufficiency-1,max_f1,3,3,shift_moderate,120,120,3.8805,96,43,24,77,0.6906474820143885,0.8,0.7413127413127415,0.35833333333333334,0.674897,0.796992,0.719633,0.861755,0.278161,0.447295,0.7684027777777778,0.70765,0.825136,0.7705208333333333,0.8427083333333333,0.5202083333333334,2.3879166666666665,2.32,0.0,0.4581398666666667,0.441903,0.475368,0.41955193749999997,0.753036,4.389
data-sufficiency-1,max_f1,3,3,shift_large,120,120,3.8805,119,43,1,77,0.7345679012345679,0.9916666666666667,0.8439716312056736,0.35833333333333334,0.8,0.88806,0.954304,0.998527,0.278161,0.447295,0.886875,0.841905,0.928991,0.9039930555555555,0.9790277777777778,0.5663888888888889,2.5262499999999997,2.32,0.0,0.47861842499999996,0.460744,0.49727,0.4307494833333333,0.888889,5.297
data-sufficiency-1,max_f1,3,3,all_shift,240,120,3.8805,215,43,25,77,0.8333333333333334,0.8958333333333334,0.8634538152610441,0.35833333333333334,0.827286,0.893132,0.850752,0.928443,0.278161,0.447295,0.8276388888888889,0.77809,0.876925,0.8372569444444444,0.9108680555555555,0.5432986111111111,2.457083333333333,2.32,0.0,0.4672372472222223,0.45286,0.481803,0.42669868055555554,0.872428,4.389
data-sufficiency-1,max_f1,3,5,shift_moderate,120,120,3.8805,110,37,10,83,0.7482993197278912,0.9166666666666666,0.8239700374531835,0.30833333333333335,0.772347,0.871218,0.853378,0.954106,0.232727,0.39583,0.8425,0.787413,0.893112,0.8289930555555556,0.8847222222222222,0.5939583333333334,2.4270833333333335,2.1458333333333335,0.0,0.4615967791666667,0.44531,0.478325,0.4179215041666667,0.830189,3.961
data-sufficiency-1,max_f1,3,5,shift_large,120,120,3.8805,120,37,0,83,0.7643312101910829,1.0,0.8664259927797834,0.30833333333333335,0.818896,0.905797,0.968981,1.0,0.232727,0.39583,0.9167361111111111,0.871618,0.953078,0.9038541666666666,0.9693402777777778,0.6865277777777777,2.6479166666666667,2.1458333333333335,0.0,0.4613502541666667,0.444496,0.47863,0.4108836083333333,0.933333,6.419
data-sufficiency-1,max_f1,3,5,all_shift,240,120,3.8805,230,37,10,83,0.8614232209737828,0.9583333333333334,0.9072978303747535,0.30833333333333335,0.879668,0.933587,0.925013,0.977213,0.232727,0.39583,0.8796180555555555,0.834266,0.923048,0.8664236111111111,0.92703125,0.6402430555555556,2.5375,2.1458333333333335,0.0,0.459285525,0.4457,0.473316,0.4131709111111111,0.910891,3.961
data-sufficiency-1,max_f1,5,1,shift_moderate,120,120,3.8805,68,35,52,85,0.6601941747572816,0.5666666666666667,0.6098654708520179,0.2916666666666667,0.531528,0.684685,0.477299,0.651898,0.217816,0.378442,0.6738541666666666,0.601956,0.743072,0.6895486111111111,0.7154513888888889,0.5771875,2.42,2.2020833333333334,0.0,0.36223419583333333,0.350134,0.374448,0.4074711875,0.719723,2.5605
data-sufficiency-1,max_f1,5,1,shift_large,120,120,3.8805,108,35,12,85,0.7552447552447552,0.9,0.8212927756653992,0.2916666666666667,0.769874,0.869565,0.833318,0.941866,0.217816,0.378442,0.8020486111111111,0.743131,0.857788,0.8321875,0.9082291666666666,0.6240277777777777,2.5324999999999998,2.2020833333333334,0.0,0.37073830416666664,0.359587,0.382525,0.4103666125,0.827068,3.7085
data-sufficiency-1,max_f1,5,1,all_shift,240,120,3.8805,176,35,64,85,0.8341232227488151,0.7333333333333333,0.7804878048780488,0.2916666666666667,0.737063,0.821806,0.674031,0.785284,0.217816,0.378442,0.7379513888888889,0.679157,0.79589,0.7608680555555556,0.8118402777777778,0.6006076388888889,2.47625,2.2020833333333334,0.0,0.3648565138888889,0.35525,0.374662,0.40513079444444444,0.833652,2.5605
data-sufficiency-1,max_f1,5,3,shift_moderate,120,120,3.8805,91,28,29,92,0.7647058823529411,0.7583333333333333,0.7615062761506276,0.23333333333333334,0.697473,0.819927,0.674499,0.826142,0.166656,0.316554,0.8130902777777778,0.758651,0.868256,0.8365625,0.8328125,0.5202083333333334,2.3879166666666665,2.32,0.0,0.3433336875,0.330109,0.35756,0.30713661249999996,0.771784,3.8575
data-sufficiency-1,max_f1,5,3,shift_large,120,120,3.8805,120,28,0,92,0.8108108108108109,1.0,0.8955223880597014,0.23333333333333334,0.851235,0.931515,0.968981,1.0,0.166656,0.316554,0.9455555555555556,0.907908,0.976712,0.9520833333333333,0.9739583333333334,0.5663888888888889,2.5262499999999997,2.32,0.0,0.35600387499999997,0.342184,0.369346,0.30958037916666664,0.942149,5.842
data-sufficiency-1,max_f1,5,3,all_shift,240,120,3.8805,211,28,29,92,0.8828451882845189,0.8791666666666667,0.8810020876826722,0.23333333333333334,0.849254,0.90982,0.83185,0.914537,0.166656,0.316554,0.8793229166666666,0.838712,0.918827,0.8943229166666666,0.9033854166666667,0.5432986111111111,2.457083333333333,2.32,0.0,0.350713925,0.339817,0.361474,0.3103383083333333,0.885655,3.8575
data-sufficiency-1,max_f1,5,5,shift_moderate,120,120,3.8805,111,27,9,93,0.8043478260869565,0.925,0.8604651162790697,0.225,0.812749,0.903769,0.863591,0.960043,0.159492,0.307569,0.9176041666666667,0.876224,0.95188,0.9257291666666667,0.8826736111111111,0.5939583333333334,2.4270833333333335,2.1458333333333335,0.0,0.35534699166666667,0.343996,0.366762,0.29837700833333336,0.863071,4.3985
data-sufficiency-1,max_f1,5,5,shift_large,120,120,3.8805,120,27,0,93,0.8163265306122449,1.0,0.898876404494382,0.225,0.85603,0.932836,0.968981,1.0,0.159492,0.307569,0.9811805555555555,0.958163,1.0,0.9776041666666667,0.9651388888888889,0.6865277777777777,2.6479166666666667,2.1458333333333335,0.0,0.3514029833333333,0.339353,0.363747,0.2985619125,0.983607,6.0505
data-sufficiency-1,max_f1,5,5,all_shift,240,120,3.8805,231,27,9,93,0.8953488372093024,0.9625,0.927710843373494,0.225,0.901052,0.948879,0.93028,0.980148,0.159492,0.307569,0.9493923611111111,0.921442,0.974339,0.9516666666666667,0.92390625,0.6402430555555556,2.5375,2.1458333333333335,0.0,0.35261620833333335,0.34253,0.362451,0.29756401388888887,0.931393,4.3985
data-sufficiency-1,max_f1,7,1,shift_moderate,120,120,3.8805,68,28,52,92,0.7083333333333334,0.5666666666666667,0.6296296296296297,0.23333333333333334,0.549218,0.704225,0.477299,0.651898,0.166656,0.316554,0.7084027777777778,0.644967,0.770364,0.7320138888888889,0.7291319444444444,0.5771875,2.42,2.2020833333333334,0.0,0.31618718749999997,0.305558,0.327095,0.3447537875,0.724739,2.57
data-sufficiency-1,max_f1,7,1,shift_large,120,120,3.8805,107,28,13,92,0.7925925925925926,0.8916666666666667,0.8392156862745098,0.23333333333333334,0.785985,0.885499,0.823446,0.935589,0.166656,0.316554,0.8447569444444445,0.791441,0.897915,0.8692708333333333,0.9197569444444444,0.6240277777777777,2.5324999999999998,2.2020833333333334,0.0,0.31298192083333326,0.301485,0.324856,0.34715290833333334,0.849421,3.68
data-sufficiency-1,max_f1,7,1,all_shift,240,120,3.8805,175,28,65,92,0.8620689655172413,0.7291666666666666,0.7900677200902934,0.23333333333333334,0.744728,0.829599,0.669662,0.781451,0.166656,0.316554,0.7765798611111111,0.722427,0.8282,0.8006423611111111,0.8244444444444444,0.6006076388888889,2.47625,2.2020833333333334,0.0,0.31203759444444445,0.302628,0.320785,0.3431708666666667,0.83908,2.57
data-sufficiency-1,max_f1,7,3,shift_moderate,120,120,3.8805,91,30,29,90,0.7520661157024794,0.7583333333333333,0.7551867219917012,0.25,0.690567,0.812261,0.674499,0.826142,0.181098,0.334411,0.8301041666666666,0.777499,0.88009,0.855625,0.8389930555555556,0.5202083333333334,2.3879166666666665,2.32,0.0,0.30233000416666667,0.291346,0.313171,0.2602747458333334,0.769912,4.1575
data-sufficiency-1,max_f1,7,3,shift_large,120,120,3.8805,120,30,0,90,0.8,1.0,0.888888888888889,0.25,0.846146,0.926834,0.968981,1.0,0.181098,0.334411,0.9734027777777777,0.948338,0.995061,0.9738888888888889,0.9737152777777778,0.5663888888888889,2.5262499999999997,2.32,0.0,0.3093211208333333,0.298428,0.321004,0.25662596666666665,0.95935,5.0925
data-sufficiency-1,max_f1,7,3,all_shift,240,120,3.8805,211,30,29,90,0.8755186721991701,0.8791666666666667,0.8773388773388773,0.25,0.844528,0.906884,0.83185,0.914537,0.181098,0.334411,0.9017534722222222,0.863591,0.933789,0.9147569444444444,0.9063541666666667,0.5432986111111111,2.457083333333333,2.32,0.0,0.3053755361111111,0.296582,0.314735,0.2596571305555555,0.888412,4.1575
data-sufficiency-1,max_f1,7,5,shift_moderate,120,120,3.8805,109,20,11,100,0.8449612403100775,0.9083333333333333,0.8755020080321284,0.16666666666666666,0.829684,0.916667,0.843292,0.948043,0.11056,0.243453,0.9271527777777778,0.888605,0.958923,0.9382291666666667,0.8948611111111111,0.5939583333333334,2.4270833333333335,2.1458333333333335,0.0,0.3034746125,0.293493,0.313241,0.24519289166666666,0.878661,4.27
data-sufficiency-1,max_f1,7,5,shift_large,120,120,3.8805,120,20,0,100,0.8571428571428571,1.0,0.923076923076923,0.16666666666666666,0.887217,0.954386,0.968981,1.0,0.11056,0.243453,0.9859722222222222,0.964697,1.0,0.9838888888888889,0.9803819444444445,0.6865277777777777,2.6479166666666667,2.1458333333333335,0.0,0.29411850416666663,0.28436,0.304721,0.24206090416666667,0.983607,5.5325
data-sufficiency-1,max_f1,7,5,all_shift,240,120,3.8805,229,20,11,100,0.9196787148594378,0.9541666666666667,0.9366053169734152,0.16666666666666666,0.912774,0.957983,0.919806,0.974218,0.11056,0.243453,0.9565625,0.928482,0.978686,0.9610590277777777,0.9376215277777777,0.6402430555555556,2.5375,2.1458333333333335,0.0,0.29922798333333334,0.290844,0.307343,0.24400837500000003,0.939457,4.27
data-sufficiency-1,max_f1,10,1,shift_moderate,120,120,3.8805,63,22,57,98,0.7411764705882353,0.525,0.6146341463414635,0.18333333333333332,0.535339,0.690273,0.43627,0.612179,0.124303,0.262009,0.7313541666666666,0.6655,0.795788,0.7646875,0.7210069444444445,0.5771875,2.42,2.2020833333333334,0.0,0.25949778333333334,0.249625,0.269706,0.2742449333333334,0.72028,2.5585
data-sufficiency-1,max_f1,10,1,shift_large,120,120,3.8805,106,22,14,98,0.828125,0.8833333333333333,0.8548387096774193,0.18333333333333332,0.803147,0.900398,0.813666,0.929219,0.124303,0.262009,0.8905555555555555,0.846279,0.9321,0.9072916666666667,0.9189236111111111,0.6240277777777777,2.5324999999999998,2.2020833333333334,0.0,0.2604035375,0.251096,0.26978,0.27808939583333336,0.861789,3.9025
data-sufficiency-1,max_f1,10,1,all_shift,240,120,3.8805,169,22,71,98,0.8848167539267016,0.7041666666666667,0.7842227378190255,0.18333333333333332,0.739656,0.823015,0.643573,0.758327,0.124303,0.262009,0.8109548611111111,0.764811,0.857038,0.8359895833333333,0.8199652777777777,0.6006076388888889,2.47625,2.2020833333333334,0.0,0.2598489388888889,0.252272,0.267431,0.27524668611111114,0.836852,2.5585
data-sufficiency-1,max_f1,10,3,shift_moderate,120,120,3.8805,91,24,29,96,0.7913043478260869,0.7583333333333333,0.7744680851063831,0.2,0.713041,0.829463,0.674499,0.826142,0.138245,0.280367,0.8511458333333334,0.800113,0.896488,0.8800694444444445,0.838125,0.5202083333333334,2.3879166666666665,2.32,0.0,0.25527225000000003,0.246563,0.26425,0.21060835833333333,0.785388,4.3755
data-sufficiency-1,max_f1,10,3,shift_large,120,120,3.8805,120,24,0,96,0.8333333333333334,1.0,0.9090909090909091,0.2,0.868402,0.941634,0.968981,1.0,0.138245,0.280367,0.99625,0.991865,0.999166,0.995,0.9815625,0.5663888888888889,2.5262499999999997,2.32,0.0,0.2564418375,0.246987,0.266291,0.2037564,0.970954,5.2195
data-sufficiency-1,max_f1,10,3,all_shift,240,120,3.8805,211,24,29,96,0.8978723404255319,0.8791666666666667,0.8884210526315789,0.2,0.857798,0.916671,0.83185,0.914537,0.138245,0.280367,0.9236979166666667,0.895188,0.948909,0.9375347222222222,0.90984375,0.5432986111111111,2.457083333333333,2.32,0.0,0.25540593333333333,0.24815,0.262732,0.20915567222222223,0.897603,4.3605
data-sufficiency-1,max_f1,10,5,shift_moderate,120,120,3.8805,107,18,13,102,0.856,0.8916666666666667,0.873469387755102,0.15,0.824991,0.912698,0.823446,0.935589,0.097038,0.224675,0.9420833333333334,0.913487,0.967002,0.9605208333333334,0.9063541666666667,0.5939583333333334,2.4270833333333335,2.1458333333333335,0.0,0.253308325,0.244799,0.261523,0.20274384583333332,0.878049,3.8515
data-sufficiency-1,max_f1,10,5,shift_large,120,120,3.8805,120,18,0,102,0.8695652173913043,1.0,0.9302325581395349,0.15,0.895397,0.95941,0.968981,1.0,0.097038,0.224675,0.9997222222222222,0.99875,1.0,0.9999305555555555,0.9855902777777777,0.6865277777777777,2.6479166666666667,2.1458333333333335,0.0,0.24685941666666666,0.237543,0.256023,0.1973498333333333,0.995851,5.6725
data-sufficiency-1,max_f1,10,5,all_shift,240,120,3.8805,227,18,13,102,0.926530612244898,0.9458333333333333,0.9360824742268041,0.15,0.911885,0.957203,0.909545,0.968075,0.097038,0.224675,0.9709027777777778,0.95535,0.985251,0.9802256944444444,0.9459722222222222,0.6402430555555556,2.5375,2.1458333333333335,0.0,0.25123646666666666,0.243778,0.258407,0.20126348333333333,0.939203,4.0835
data-sufficiency-1,max_f1,14,1,shift_moderate,120,120,3.8805,58,16,62,104,0.7837837837837838,0.48333333333333334,0.5979381443298969,0.13333333333333333,0.508104,0.670213,0.395836,0.571864,0.083766,0.205648,0.7364583333333333,0.670192,0.796827,0.7670486111111111,0.6996875,0.5771875,2.42,2.2020833333333334,0.0,0.21937464583333335,0.211476,0.227715,0.22672015416666666,0.714801,2.647
data-sufficiency-1,max_f1,14,1,shift_large,120,120,3.8805,102,16,18,104,0.864406779661017,0.85,0.8571428571428572,0.13333333333333333,0.806719,0.901643,0.775325,0.902962,0.083766,0.205648,0.9105555555555556,0.870132,0.945577,0.9217361111111111,0.9146527777777778,0.6240277777777777,2.5324999999999998,2.2020833333333334,0.0,0.22062359583333332,0.212659,0.228606,0.2272880333333333,0.874494,3.69
data-sufficiency-1,max_f1,14,1,all_shift,240,120,3.8805,160,16,80,104,0.9090909090909091,0.6666666666666666,0.7692307692307692,0.13333333333333333,0.724042,0.812933,0.604815,0.723267,0.083766,0.205648,0.8235069444444445,0.777582,0.864031,0.8443923611111112,0.8071701388888889,0.6006076388888889,2.47625,2.2020833333333334,0.0,0.2188453833333333,0.212558,0.225384,0.22687772500000003,0.831721,2.5675
data-sufficiency-1,max_f1,14,3,shift_moderate,120,120,3.8805,88,21,32,99,0.8073394495412844,0.7333333333333333,0.7685589519650654,0.175,0.706409,0.827026,0.647876,0.804315,0.117405,0.252757,0.8507986111111111,0.802254,0.898272,0.8800694444444445,0.8411111111111111,0.5202083333333334,2.3879166666666665,2.32,0.0,0.21186360833333331,0.204654,0.21969,0.17662877916666667,0.782222,4.0465
data-sufficiency-1,max_f1,14,3,shift_large,120,120,3.8805,119,21,1,99,0.85,0.9916666666666667,0.9153846153846154,0.175,0.87747,0.949807,0.954304,0.998527,0.117405,0.252757,0.9941666666666666,0.987277,0.998821,0.9926388888888888,0.9805208333333333,0.5663888888888889,2.5262499999999997,2.32,0.0,0.21344081666666667,0.205112,0.222284,0.17434589166666664,0.966387,5.139
data-sufficiency-1,max_f1,14,3,all_shift,240,120,3.8805,207,21,33,99,0.9078947368421053,0.8625,0.8846153846153847,0.175,0.851768,0.914049,0.81319,0.900389,0.117405,0.252757,0.9224826388888889,0.895972,0.947442,0.9363541666666667,0.9108159722222222,0.5432986111111111,2.457083333333333,2.32,0.0,0.2140232111111111,0.207407,0.220536,0.17761032222222223,0.892241,4.0465
data-sufficiency-1,max_f1,14,5,shift_moderate,120,120,3.8805,108,18,12,102,0.8571428571428571,0.9,0.8780487804878048,0.15,0.832618,0.91893,0.833318,0.941866,0.097038,0.224675,0.9418402777777778,0.911868,0.968628,0.9554166666666667,0.9113194444444445,0.5939583333333334,2.4270833333333335,2.1458333333333335,0.0,0.21302753333333335,0.20526,0.221058,0.16689423333333334,0.885246,3.916
data-sufficiency-1,max_f1,14,5,shift_large,120,120,3.8805,120,18,0,102,0.8695652173913043,1.0,0.9302325581395349,0.15,0.894737,0.959642,0.968981,1.0,0.097038,0.224675,0.9996527777777777,0.998744,1.0,0.9996527777777777,0.9851736111111111,0.6865277777777777,2.6479166666666667,2.1458333333333335,0.0,0.20710950416666668,0.199488,0.214636,0.16402809999999998,0.991736,5.3795
data-sufficiency-1,max_f1,14,5,all_shift,240,120,3.8805,228,18,12,102,0.926829268292683,0.95,0.9382716049382716,0.15,0.915661,0.959843,0.914652,0.97117,0.097038,0.224675,0.9707465277777778,0.954835,0.984432,0.9775347222222223,0.9482465277777777,0.6402430555555556,2.5375,2.1458333333333335,0.0,0.2104791666666667,0.204083,0.21696,0.16627454166666666,0.942149,3.916
data-sufficiency-1,max_f1,21,1,shift_moderate,120,120,3.8805,56,15,64,105,0.7887323943661971,0.4666666666666667,0.5863874345549738,0.125,0.5,0.666667,0.379829,0.555572,0.077235,0.196029,0.7354513888888888,0.66786,0.797146,0.7696527777777777,0.7028819444444444,0.5771875,2.42,2.2020833333333334,0.0,0.17431906666666663,0.167656,0.181349,0.17820642916666665,0.721429,2.5675
data-sufficiency-1,max_f1,21,1,shift_large,120,120,3.8805,104,15,16,105,0.8739495798319328,0.8666666666666667,0.8702928870292886,0.125,0.822579,0.911402,0.794352,0.916234,0.077235,0.196029,0.9201041666666666,0.881768,0.953201,0.9271180555555556,0.9238194444444444,0.6240277777777777,2.5324999999999998,2.2020833333333334,0.0,0.17620455,0.169834,0.183037,0.17940602083333335,0.881633,3.6745
data-sufficiency-1,max_f1,21,1,all_shift,240,120,3.8805,160,15,80,105,0.9142857142857143,0.6666666666666666,0.7710843373493975,0.125,0.725915,0.814286,0.604815,0.723267,0.077235,0.196029,0.8277777777777777,0.784649,0.86719,0.8483854166666667,0.8133506944444444,0.6006076388888889,2.47625,2.2020833333333334,0.0,0.17339213055555555,0.168222,0.178489,0.17765768333333334,0.838835,2.5565
data-sufficiency-1,max_f1,21,3,shift_moderate,120,120,3.8805,89,22,31,98,0.8018018018018018,0.7416666666666667,0.7705627705627706,0.18333333333333332,0.704752,0.82626,0.656715,0.811626,0.124303,0.262009,0.8508680555555556,0.797256,0.896562,0.8820486111111111,0.8500347222222222,0.5202083333333334,2.3879166666666665,2.32,0.0,0.17293024999999998,0.16673,0.179497,0.14498152083333332,0.778281,4.1685
data-sufficiency-1,max_f1,21,3,shift_large,120,120,3.8805,119,22,1,98,0.8439716312056738,0.9916666666666667,0.9118773946360154,0.18333333333333332,0.872241,0.945319,0.954304,0.998527,0.124303,0.262009,0.9926388888888888,0.984172,0.998384,0.9900347222222222,0.9799652777777778,0.5663888888888889,2.5262499999999997,2.32,0.0,0.175243425,0.169158,0.182018,0.14333296666666667,0.966387,5.118
data-sufficiency-1,max_f1,21,3,all_shift,240,120,3.8805,208,22,32,98,0.9043478260869565,0.8666666666666667,0.8851063829787233,0.18333333333333332,0.852097,0.914292,0.817834,0.903946,0.124303,0.262009,0.9217534722222223,0.891286,0.946529,0.9360416666666667,0.915,0.5432986111111111,2.457083333333333,2.32,0.0,0.17508620555555557,0.169901,0.180352,0.14547329444444443,0.891304,4.1685
data-sufficiency-1,max_f1,21,5,shift_moderate,120,120,3.8805,108,14,12,106,0.8852459016393442,0.9,0.8925619834710743,0.11666666666666667,0.847998,0.931038,0.833318,0.941866,0.070781,0.186334,0.9434722222222223,0.91265,0.969288,0.9553125,0.9141666666666667,0.5939583333333334,2.4270833333333335,2.1458333333333335,0.0,0.17374593333333335,0.16745,0.180175,0.13704422083333334,0.892562,3.868
data-sufficiency-1,max_f1,21,5,shift_large,120,120,3.8805,120,14,0,106,0.8955223880597015,1.0,0.9448818897637796,0.11666666666666667,0.91428,0.970588,0.968981,1.0,0.070781,0.186334,0.9997222222222222,0.998956,1.0,0.9996527777777777,0.9857638888888889,0.6865277777777777,2.6479166666666667,2.1458333333333335,0.0,0.17293640833333335,0.166663,0.178933,0.13415172916666668,0.991736,5.1015
data-sufficiency-1,max_f1,21,5,all_shift,240,120,3.8805,228,14,12,106,0.9421487603305785,0.95,0.946058091286307,0.11666666666666667,0.922747,0.965657,0.914652,0.97117,0.070781,0.186334,0.9715972222222222,0.955645,0.984578,0.9774826388888889,0.9499652777777777,0.6402430555555556,2.5375,2.1458333333333335,0.0,0.17345529444444446,0.168459,0.178751,0.13628373333333332,0.946058,3.868
data-sufficiency-1,max_f1,30,1,shift_moderate,120,120,3.8805,58,15,62,105,0.7945205479452054,0.48333333333333334,0.6010362694300518,0.125,0.516845,0.677249,0.395836,0.571864,0.077235,0.196029,0.7433680555555555,0.679783,0.804131,0.7621875,0.7117013888888889,0.5771875,2.42,2.2020833333333334,0.0,0.14737644999999996,0.142127,0.152455,0.14722789999999997,0.724638,2.575
data-sufficiency-1,max_f1,30,1,shift_large,120,120,3.8805,104,15,16,105,0.8739495798319328,0.8666666666666667,0.8702928870292886,0.125,0.822031,0.914028,0.794352,0.916234,0.077235,0.196029,0.9295138888888889,0.894335,0.961256,0.9334375,0.9264930555555555,0.6240277777777777,2.5324999999999998,2.2020833333333334,0.0,0.15066979583333334,0.14521,0.156015,0.14704092916666667,0.881633,3.6865
data-sufficiency-1,max_f1,30,1,all_shift,240,120,3.8805,162,15,78,105,0.9152542372881356,0.675,0.7769784172661871,0.125,0.731956,0.81945,0.613391,0.731096,0.077235,0.196029,0.8364409722222222,0.795804,0.875223,0.8478125,0.8190972222222223,0.6006076388888889,2.47625,2.2020833333333334,0.0,0.14860121944444443,0.144298,0.152961,0.14726494722222222,0.841487,2.575
data-sufficiency-1,max_f1,30,3,shift_moderate,120,120,3.8805,91,20,29,100,0.8198198198198198,0.7583333333333333,0.7878787878787877,0.16666666666666666,0.724888,0.845528,0.674499,0.826142,0.11056,0.243453,0.8486111111111111,0.794538,0.896608,0.8893055555555556,0.8378125,0.5202083333333334,2.3879166666666665,2.32,0.0,0.14633500833333332,0.141221,0.151601,0.12470312916666668,0.792952,3.9835
data-sufficiency-1,max_f1,30,3,shift_large,120,120,3.8805,119,20,1,100,0.8561151079136691,0.9916666666666667,0.918918918918919,0.16666666666666666,0.880301,0.951614,0.954304,0.998527,0.11056,0.243453,0.9915972222222222,0.982626,0.997914,0.9929166666666667,0.974375,0.5663888888888889,2.5262499999999997,2.32,0.0,0.14575935833333334,0.140479,0.150789,0.12140285833333332,0.962963,4.5695
data-sufficiency-1,max_f1,30,3,all_shift,240,120,3.8805,210,20,30,100,0.9130434782608695,0.875,0.8936170212765957,0.16666666666666666,0.862065,0.921851,0.827164,0.911021,0.11056,0.243453,0.9201041666666666,0.892435,0.945588,0.9411111111111111,0.90609375,0.5432986111111111,2.457083333333333,2.32,0.0,0.14717858333333333,0.142951,0.151509,0.12432703888888888,0.896996,3.9835
data-sufficiency-1,max_f1,30,5,shift_moderate,120,120,3.8805,106,12,14,108,0.8983050847457628,0.8833333333333333,0.8907563025210085,0.1,0.846154,0.931174,0.813666,0.929219,0.058134,0.166682,0.9451736111111111,0.91636,0.969844,0.9620833333333333,0.9076041666666667,0.5939583333333334,2.4270833333333335,2.1458333333333335,0.0,0.1467780125,0.141421,0.151992,0.113667425,0.890756,3.9185
data-sufficiency-1,max_f1,30,5,shift_large,120,120,3.8805,120,12,0,108,0.9090909090909091,1.0,0.9523809523809523,0.1,0.923077,0.977099,0.968981,1.0,0.058134,0.166682,0.9999305555555555,0.999583,1.0,0.9996527777777777,0.9858333333333333,0.6865277777777777,2.6479166666666667,2.1458333333333335,0.0,0.14638501666666665,0.140939,0.151545,0.11301832916666665,0.995851,5.1545
data-sufficiency-1,max_f1,30,5,all_shift,240,120,3.8805,226,12,14,108,0.9495798319327731,0.9416666666666667,0.9456066945606694,0.1,0.923069,0.965254,0.90448,0.964938,0.058134,0.166682,0.9725520833333333,0.956795,0.985892,0.9808680555555556,0.94671875,0.6402430555555556,2.5375,2.1458333333333335,0.0,0.14672980277777778,0.142304,0.151266,0.11401610833333334,0.945607,3.9185
